"Variable / Field Name","Form Name","Section Header","Field Type","Field Label","Choices, Calculations, OR Slider Labels","Field Note","Text Validation Type OR Show Slider Number","Text Validation Min","Text Validation Max",Identifier?,"Branching Logic (Show field only if...)","Required Field?","Custom Alignment","Question Number (surveys only)","Matrix Group Name","Matrix Ranking?","Field Annotation"
qc_status_complete,quality_control_check,,truefalse,"QC Locked File:

True = Record QC has been completed/locked. 
False= Record will be part of QC process. ",,"This variable helps filter API call of file. ",,,,,,,,,,,
qc_run_by,quality_control_check,,text,"QC Run By",,,none,,,,,,,,,," @READONLY"
qc_last_run,quality_control_check,,text,"QC Last Run Timestamp",,"See Audit Trail for Full Details",date_ymd,,,,,,,,,," @READONLY"
qc_status,quality_control_check,,text,"QC Overall Status (Summary)",,,none,,,,,,,,,," @READONLY"
qc_results,quality_control_check,,notes,"QC Audit Trail",,"Single Logging Structure: [Date Stamp] [Message] [Initials]",,,,,,,,,,,
